tipo,designacion,masa_kg_m,d_mm,tw_mm,Ix_10e6_mm4,Sx_10e3_mm3
W,W920x446,447.2,933,24.0,8470.0,18200.0
W,W920x417,418.1,928,22.5,7880.0,17000.0
W,W920x387,387.0,921,21.3,7180.0,15600.0
W,W920x342,342.4,912,19.3,6250.0,13700.0
W,W920x253,253.7,919,17.3,4370.0,9520.0
W,W920x201,201.3,903,15.2,3250.0,7200.0
W,W840x359,359.4,868,21.1,5910.0,13600.0
W,W840x176,176.0,835,14.0,2460.0,5900.0
W,W760x314,314.4,786,19.7,4270.0,10900.0
W,W760x147,147.1,753,13.2,1660.0,4410.0
W,W690x265,264.5,706,18.4,2900.0,8220.0
W,W690x125,125.6,678,11.7,1190.0,3500.0
W,W610x241,241.7,635,17.9,2150.0,6780.0
W,W610x140,140.1,617,13.1,1120.0,3630.0
W,W610x125,125.1,612,11.9,985.0,3220.0
W,W610x101,101.7,603,10.5,764.0,2530.0
W,W610x92,92.3,603,10.9,646.0,2140.0
W,W610x82,81.9,599,10.0,560.0,1870.0
W,W530x85,84.7,535,10.3,485.0,1810.0
W,W530x82a,82.4,528,9.5,479.0,1810.0
W,W530x74,74.7,529,9.7,411.0,1550.0
W,W530x66,65.7,525,8.9,351.0,1340.0
W,W460x82,81.9,460,9.9,370.0,1610.0
W,W460x60,59.6,455,8.0,255.0,1120.0
W,W460x52,52.0,450,7.6,212.0,943.0
W,W410x85,85.0,417,10.9,315.0,1510.0
W,W410x60,59.5,407,7.7,216.0,1060.0
W,W410x46,46.2,403,7.0,156.0,773.0
W,W410x39,39.2,399,6.4,127.0,634.0
W,W360x51,50.6,355,7.2,141.0,796.0
W,W360x45,45.0,352,6.9,122.0,691.0
W,W360x33,32.8,349,5.8,82.7,474.0
W,W310x52,52.3,317,7.6,118.0,747.0
W,W310x38.7,38.7,310,5.8,85.1,549.0
W,W310x28,28.4,309,6.0,54.3,351.0
W,W310x21,21.1,303,5.1,37.0,244.0
W,W250x45,44.9,266,7.6,71.1,534.0
W,W250x33,32.7,258,6.1,48.9,379.0
W,W250x28,28.5,260,6.4,40.0,307.0
W,W250x18,17.9,251,4.8,22.4,179.0
W,W200x46,46.0,203,7.2,45.5,448.0
W,W200x27,26.6,207,5.8,25.8,249.0
W,W200x22,22.4,206,6.2,20.0,194.0
W,W200x15,15.0,200,4.3,12.7,127.0
W,W150x22,22.3,152,5.8,12.1,159.0
W,W150x14,13.6,150,4.3,6.87,91.5
S,S610x179,178.9,610,20.3,1260.0,4140.0
S,S610x118.9,119.1,610,12.7,879.0,2880.0
S,S510x141,141.8,508,20.3,674.0,2660.0
S,S510x97.3,97.8,508,12.7,494.0,1950.0
S,S460x104,104.7,457,18.1,387.0,1690.0
S,S460x81.4,81.6,457,11.7,335.0,1470.0
S,S380x74,74.6,381,14.0,203.0,1060.0
S,S310x74,74.6,305,17.4,128.0,836.0
S,S310x52,52.2,305,10.9,95.8,629.0
S,S250x52,52.3,254,15.1,61.6,485.0
S,S250x38,37.8,254,7.9,51.4,405.0
S,S200x34,34.3,203,11.2,27.0,266.0
S,S200x27,27.5,203,6.9,24.0,237.0
S,S150x26,25.5,152,11.8,10.8,143.0
S,S130x22,21.9,127,12.5,6.33,99.6
S,S100x14.1,14.0,102,8.3,2.81,55.2
C,C380x74,74.4,381,18.2,168.0,881.0
C,C380x50,50.5,381,10.2,131.0,687.0
C,C310x45,44.7,305,13.0,67.3,442.0
C,C310x30.8,30.8,305,7.2,53.5,351.0
C,C250x45,44.5,254,17.1,42.8,337.0
C,C250x30,29.6,254,9.6,32.7,257.0
C,C250x23,22.6,254,6.1,27.8,219.0
C,C200x28,27.9,203,12.4,18.2,180.0
C,C200x21,20.4,203,7.7,14.9,147.0
C,C180x22,21.9,178,10.6,11.3,127.0
C,C150x19,19.2,152,11.1,7.12,93.7
C,C150x16,15.5,152,8.0,6.22,81.9
C,C130x13,13.3,127,8.3,3.66,57.6
C,C100x11,10.8,102,8.2,1.91,37.4